{"versus_play/black_win":0.46153846153846156,"versus_play/white_win":0.5384615384615384,"versus_play/episode_len":128.76923076923077,"_wandb":{"runtime":100},"_runtime":100,"eval/black_vs_baseline":0,"fps":109813.02759752223,"eval/black_vs_white":0,"eval/baseline_vs_white":1,"_timestamp":1.7635547657523527e+09,"_step":289}