{"versus_play/black_win":0.42857142857142855,"eval/baseline_vs_white":0.494140625,"_step":39,"versus_play/white_win":0.5714285714285714,"eval/black_vs_baseline":0.529296875,"_timestamp":1.7668467369939933e+09,"_runtime":49,"versus_play/episode_len":109,"_wandb":{"runtime":49},"fps":23143.204222771314,"eval/black_vs_white":1}