{"eval/baseline_vs_white":1,"fps":44845.60237454558,"eval/black_vs_baseline":0,"_step":261,"_timestamp":1.762979076053622e+09,"_runtime":48,"versus_play/black_win":0.4794520547945205,"versus_play/white_win":0.5205479452054794,"versus_play/episode_len":27.301369863013697,"eval/black_vs_white":0,"_wandb":{"runtime":48}}