{"policy_black/advantage_meam":-0.04409109801054001,"_timestamp":1.760797553766694e+09,"policy_black/loss_critic":0.12846431136131287,"eval/black_vs_baseline":0.869140625,"_runtime":7969,"policy_white/grad_norm":0.9524917602539062,"versus_play/black_win":0.6495701156240735,"policy_white/loss_objective":-0.008867635391652584,"policy_black/loss_entropy":-0.0027379035018384457,"policy_white/loss":0.1161106526851654,"versus_play/episode_len":38.33471686925586,"policy_white/advantage_std":0.5111938118934631,"fps":75967.04858443448,"policy_white/loss_entropy":-0.0035583749413490295,"eval/black_vs_white":0.802734375,"_wandb":{"runtime":7969},"policy_black/loss_objective":-0.008217955939471722,"policy_white/loss_critic":0.1285366714000702,"policy_black/loss":0.11750845611095428,"policy_black/advantage_std":0.5172233581542969,"_step":499,"versus_play/white_win":0.3504298843759265,"eval/baseline_vs_white":0.21484375,"policy_white/advantage_meam":0.044458482414484024,"policy_black/grad_norm":1.1685826778411865}