{"policy_black/loss":20.833133697509766,"fps":25814.922108633982,"versus_play/black_win":0.36363636363636365,"_wandb":{"runtime":1026},"_step":240,"policy_white/loss":23.436321258544922,"eval/black_vs_white":0,"_runtime":1026,"eval/baseline_vs_white":0.396484375,"eval/black_vs_baseline":0.5390625,"versus_play/white_win":0.6363636363636364,"policy_black/grad_norm":7.616921424865723,"policy_white/grad_norm":8.02884292602539,"_timestamp":1.7669064807927632e+09,"versus_play/episode_len":103}