{"eval/black_vs_white":0,"eval/baseline_vs_white":1,"policy_black/loss":0.06847535073757172,"_wandb":{"runtime":370},"_timestamp":1.7629258829687672e+09,"fps":45799.85376800774,"versus_play/episode_len":22.29113924050633,"versus_play/white_win":0.6075949367088608,"_step":986,"eval/black_vs_baseline":1,"versus_play/black_win":0.3924050632911392,"policy_black/grad_norm":0.13321369886398315,"_runtime":370}