{"_timestamp":1.7629612322876568e+09,"_step":419,"versus_play/white_win":0.4777777777777778,"versus_play/black_win":0.5222222222222223,"_wandb":{"runtime":121},"eval/black_vs_baseline":1,"_runtime":121,"eval/black_vs_white":1,"versus_play/episode_len":19.677777777777777,"eval/baseline_vs_white":1,"fps":19818.116332979273}