{"_wandb":{"runtime":933},"policy_black/grad_norm":0.18531867861747742,"eval/baseline_vs_white":1,"versus_play/black_win":0.36904761904761907,"_runtime":933,"eval/black_vs_white":0,"_step":1069,"versus_play/episode_len":28.488095238095237,"fps":43202.83181026973,"_timestamp":1.7629395486519005e+09,"versus_play/white_win":0.6309523809523809,"policy_black/loss":0.042730990797281265,"eval/black_vs_baseline":1}