{"eval/baseline_vs_white":1,"eval/black_vs_baseline":0,"_step":418,"versus_play/episode_len":114.81818181818181,"versus_play/white_win":0.5454545454545454,"versus_play/black_win":0.45454545454545453,"policy_black/loss":0.04830482602119446,"policy_white/loss":0.036161500960588455,"_runtime":4918,"eval/black_vs_white":1,"policy_black/grad_norm":0.14230549335479736,"_timestamp":1.7635609779565868e+09,"policy_white/grad_norm":0.0864073783159256,"_wandb":{"runtime":4918},"fps":20631.372380714867}