{"versus_play/black_win":0.5476190476190477,"fps":50010.01177033114,"eval/black_vs_baseline":0,"_timestamp":1.7629385433887794e+09,"_step":114,"eval/baseline_vs_white":1,"versus_play/white_win":0.4523809523809524,"eval/black_vs_white":1,"_runtime":30,"_wandb":{"runtime":30},"versus_play/episode_len":48.976190476190474}