{"versus_play/black_win":0.42105263157894735,"eval/black_vs_white":0,"policy_white/loss":19.861398696899414,"versus_play/episode_len":103.26315789473684,"policy_black/loss":19.24942398071289,"_timestamp":1.7669028550431724e+09,"eval/black_vs_baseline":0.478515625,"_step":105,"eval/baseline_vs_white":0.494140625,"_runtime":386,"fps":6904.920126407419,"policy_black/grad_norm":5.105134963989258,"policy_white/grad_norm":6.605500221252441,"versus_play/white_win":0.5789473684210527,"_wandb":{"runtime":386}}