{"versus_play/black_win":0.7419354838709677,"policy_white/loss":0.005445806309580803,"fps":106383.2716373384,"eval/black_vs_baseline":0,"policy_white/grad_norm":0.06310297548770905,"_step":3188,"versus_play/episode_len":42.74193548387097,"_runtime":5240,"_wandb":{"runtime":5240},"eval/baseline_vs_white":1,"policy_black/loss":0.11060437560081482,"eval/black_vs_white":1,"versus_play/white_win":0.25806451612903225,"policy_black/grad_norm":0.4560319185256958,"_timestamp":1.7629727264160829e+09}