{"versus_play/black_win":0.5473684210526316,"versus_play/white_win":0.45263157894736844,"versus_play/episode_len":23.473684210526315,"_wandb":{"runtime":95},"eval/baseline_vs_white":1,"_timestamp":1.7629605005116813e+09,"eval/black_vs_baseline":1,"eval/black_vs_white":0,"_runtime":95,"_step":975,"fps":114026.31716787803}