{"fps":59627.80779847826,"policy_black/loss":0.025814339518547058,"eval/baseline_vs_white":0.0078125,"_step":6999,"eval/black_vs_white":0,"_timestamp":1.766976354099186e+09,"policy_white/loss":0.04223264753818512,"eval/black_vs_baseline":1,"versus_play/white_win":0.3728813559322034,"versus_play/black_win":0.6271186440677966,"policy_black/grad_norm":0.3500823974609375,"policy_white/grad_norm":1.018101692199707,"_runtime":44980,"versus_play/episode_len":60.016949152542374,"_wandb":{"runtime":44980}}