{"_timestamp":1.7635766260878594e+09,"eval/black_vs_baseline":1,"versus_play/black_win":0.9074074074074074,"_step":4500,"versus_play/white_win":0.09259259259259259,"versus_play/episode_len":14.907407407407407,"fps":102695.66105097448,"eval/black_vs_white":1,"policy_white/grad_norm":0.25246620178222656,"_runtime":14639,"policy_white/loss":0.040158458054065704,"policy_black/loss":0.03855825588107109,"eval/baseline_vs_white":0,"_wandb":{"runtime":14639},"policy_black/grad_norm":0.17606830596923828}