{"eval/black_vs_white":1,"_step":96,"versus_play/white_win":0.5,"_wandb":{"runtime":37},"eval/baseline_vs_white":0.560546875,"_timestamp":1.7669306902942364e+09,"eval/black_vs_baseline":0.453125,"versus_play/black_win":0.5,"_runtime":37,"fps":9939.506361205498,"versus_play/episode_len":105.92857142857143}