{"eval/black_vs_white":0,"versus_play/episode_len":22.606060606060606,"fps":25067.503554133335,"versus_play/white_win":0.7575757575757576,"policy_black/loss":0.044855501502752304,"policy_black/grad_norm":0.06653924286365509,"_wandb":{"runtime":898},"eval/baseline_vs_white":1,"versus_play/black_win":0.24242424242424243,"_runtime":898,"_timestamp":1.7629313881986408e+09,"eval/black_vs_baseline":0,"_step":1062}